Disease,Model,Accuracy,Precision,Recall,F1_Score,ROC_AUC,Specificity,Training_Time,True_Negatives,False_Positives,False_Negatives,True_Positives
diabetes,Logistic Regression,0.9748743718592965,0.9887640449438202,0.9832402234636871,0.9859943977591037,0.9941340782122905,0.9,0.010628,18,2,3,176
diabetes,Decision Tree,0.9949748743718593,0.9944444444444445,1.0,0.9972144846796658,0.975,0.95,0.005906,19,1,0,179
diabetes,Random Forest,1.0,1.0,1.0,1.0,1.0,1.0,0.432321,20,0,0,179
diabetes,SVM,0.964824120603015,0.967391304347826,0.994413407821229,0.9807162534435262,0.996927374301676,0.7,0.080845,14,6,1,178
diabetes,XGBoost,0.9949748743718593,0.9944444444444445,1.0,0.9972144846796658,1.0,0.95,0.077614,19,1,0,179
