Disease,Model,Accuracy,Precision,Recall,F1_Score,ROC_AUC,Specificity,Training_Time,True_Negatives,False_Positives,False_Negatives,True_Positives
heart_disease,Logistic Regression,0.8097560975609757,0.7619047619047619,0.9142857142857143,0.8311688311688312,0.9298095238095239,0.7,0.003737,70,30,9,96
heart_disease,Decision Tree,0.9560975609756097,0.98,0.9333333333333333,0.9560975609756097,0.9834761904761904,0.98,0.004572,98,2,7,98
heart_disease,Random Forest,0.9902439024390244,1.0,0.9809523809523809,0.9903846153846154,1.0,1.0,0.46321,100,0,2,103
heart_disease,SVM,0.926829268292683,0.9166666666666666,0.9428571428571428,0.9295774647887324,0.9771428571428572,0.91,0.200013,91,9,6,99
heart_disease,XGBoost,1.0,1.0,1.0,1.0,0.9999999999999999,1.0,0.162088,100,0,0,105
