Disease,Model,Accuracy,Precision,Recall,F1_Score,ROC_AUC,Specificity,Training_Time,True_Negatives,False_Positives,False_Negatives,True_Positives
parkinsons,Logistic Regression,0.8052256532066508,0.8302583025830258,0.8620689655172413,0.8458646616541353,0.8979885057471264,0.7125,0.007723,114,46,36,225
parkinsons,Decision Tree,0.9049881235154394,0.9510204081632653,0.89272030651341,0.9209486166007905,0.9256585249042145,0.925,0.031594,148,12,28,233
parkinsons,Random Forest,0.9263657957244655,0.9389312977099237,0.9425287356321839,0.9407265774378585,0.9684147509578543,0.9,0.438619,144,16,15,246
parkinsons,SVM,0.8408551068883611,0.8489208633093526,0.9042145593869731,0.87569573283859,0.9135536398467433,0.7375,1.36856,118,42,25,236
parkinsons,XGBoost,0.9477434679334917,0.9509433962264151,0.9655172413793104,0.9581749049429658,0.9714080459770115,0.91875,0.246061,147,13,9,252
